資産総計,686877.149786176,,,,,,,,,
,部品名,個数,購入価格,個数,単価,購入日,為替,円単価,合計金額,
ネジ類,FM4,251,,,0.0222,9/10,148.52,3.297144,827.583144,
,インサートナット6mm,767,,,0.0265,9/10,148.52,3.93578,3018.74326,
,FF3,1868,,,0.0194,11/30,156.28,3.031832,5663.462176,
,FF5,621,,,0.0412,11/30,156.28,6.438736,3998.455056,
,FF8,634,,,0.0304,11/30,156.28,4.750912,3012.078208,
,FF9,312,,,0.038,24/5/5,152.98,5.81324,1813.73088,
,FF12,396,,,0.0514,11/30,156.28,8.032792,3180.985632,
,FF16,286,,,0.0562,11/30,156.28,8.782936,2511.919696,
,2x4,286,,,0.001458,24/4/13,153.28,0.22348224,63.91592064,
,2x6,300,,,0.0025,24/4/24,155.34,0.38835,116.505,
,2x8,2160,,,0.00377,24/4/24,155.34,0.5856318,1264.964688,
,2x10,9440,,,0.0030148,24/4/24,155.34,0.468319032,4420.93166208,
,2x3黒,600,,,0.0067,5/2,146.99,0.984833,590.8998,
,2x5黒,421,,,0.00764,5/2,146.99,1.1230036,472.7845156,
,2x6黒,758,,,0.00826,5/2,146.99,1.2141374,920.3161492,
,2x8黒,5017,,,1.235,,1,1.235,6195.995,
,Gherkin 5.5mm,145,,,5,,1,5,725,
,Gherkin 6mm,182,,,5,,1,5,910,
,3x10,6931,,,0.0028135,24/4/24,155.34,0.43704909,3029.18724279,
,ナット,4797,,,0.004522,24/4/24,155.34,0.70244748,3369.64056156,
,ワッシャー,8889,,,0.001406,24/4/24,155.34,0.21840804,1941.42906756,
,スプリングワッシャー,499,,,0.001413,2024/3/30,151.31,0.21380103,106.68671397,
,ナット黒,6183,,,0.0034168,24/4/24,155.34,0.530765712,3281.724397296,
,ワッシャー黒,4058,,,0.003115,24/4/24,155.34,0.4838841,1963.6016778,
,Sワッシャー黒,3015,,,0.0011048,24/4/24,155.34,0.171619632,517.43319048,
,四角ナット,3139,,,0.016,12/2,149.3,2.3888,7498.4432,
電子部品,10k,605,,,0.0042,12/9,152.07,0.638694,386.40987,
,0.1uf,802,,,0.0211,12/18,154.20,3.25362,2609.40324,
,4.7uf,333,,,0.0190,12/18,154.20,2.9298,975.6234,
,10uf,506,,,0.0051,3/9,152.44,0.777444,393.386664,
,BSS138,41,,,4,,1,4,164,
,レギュレーター,36,,,30,,1,30,1080,
,ダイオード 1N4148,3700,,,0.00506,9/19,142.34,0.7202404,2664.88948,
,MXソケット,4600,,,0.043435,10/3,148.96,6.4700776,29762.35696,
,SK6812MINI-E,800,,,0.04027,12/2,149.3,149.30,119440,
,ピンヘッダー,1488,,,0.0533,12/2,149.3,7.95769,11841.04272,
,ピンソケット,79,,,50,,1,50,3950,
,ピンソケット3P,782,,,0.0773,9/19,142.34,11.002882,8604.253724,
,L字ピンヘッダー,29,,,20,,1,20,580,
,L時ピンソケット,19,,,40,,1,40,760,
,TRRSジャック,612,,,0.0844,12/2,149.3,12.60092,7711.76304,
,EC11,113,,,0.2967,11/2,151.8,45.03906,5089.41378,
,ノブ,16,,,0.226,11/30,1,0.226,3.616,
,PMW3360,129,,,8.53,12/2,149.3,1273.529,164285.241,
,PMW3610,2,,,3.51,3/2,149.61,525.1311,1050.2622,
,EVQWGD001,30,,,7.4812,24/5/11,155.72,1164.972464,34949.17392,
,RKJXT1F42001,33,,,1.85,11/30,156.28,289.118,9540.894,
,6x6x9.5,747,,,0.13,6/2,140.40,18.252,13634.244,
,6x6x7,408,,,10,,1,10,4080,
,トグルスイッチ,29,,,130,,1,130,3770,
,レバースイッチ,183,,,0.0578,12/2,149.3,8.62954,1579.20582,
,スライドスイッチ,184,,,0.0449,12/2,149.3,6.70357,1233.45688,
,横スイッチ,442,,,0.0149,3/9,152.44,2.271356,1003.939352,
,ホイールエンコーダー 11mm,175,,,0.042,6/2,140.40,5.8968,1031.94,
,リセットスイッチ,284,,,0.01035,3/9,152.44,1.577754,448.082136,
,OLED,6,,,1.03,12/9,152.07,156.6321,939.7926,
,ジョイスティック,3,,,59.3,,1,59.3,177.9,
,74HC595N,135,,,0.0481,3/9,152.44,7.332364,989.86914,
,マウススイッチ,913,,,0.03051,3/9,152.44,4.6509444,4246.3122372,
マイコン,RP2040-Zero,32,,,1.4,11/30,156.28,218.792,7001.344,
,Raspberry Pi Pico,25,,,1.7,12/2,149.3,253.81,6345.25,
,type-C Pro Micro,14,,,3.65,12/2,149.3,544.945,7629.23,
非電子,ジャンパー,530,,,0.0089,12/2,149.3,1.32877,704.2481,
,ジョイスティックキャップ,3,,,12.2,,1,12.2,36.6,
,ベアリング,604,,,0.1175,12/2,149.3,17.54275,10595.821,
,ゴム足,1607,,,0.0109,12/2,149.3,1.62737,2615.18359,
,DSAキーキャップ,1000,,,0.173,12/19,156.24,27.02952,27029.52,
,Choc v2スイッチ,330,,,0.372,12/9,152.07,56.57004,18668.1132,
アクリル&PCB,Handymanアクリル,14,7.04,10,0.704,11/4,152.12,107.09248,1499.29472,
,HandymanPCB,14,28.90,25,1.156,7/30,150.15,173.5734,2430.0276,
,Pop'n Top アクリル,3,10.7,10,1.07,7/9,143.20,153.224,459.672,
,Pop'n Top PCB,3,41.27,10,4.127,7/12,143.20,590.9864,1772.9592,
,Shotgun チェリーパイ アクリル,7,64.24,40,1.606,6/2,140.40,225.4824,1578.3768,
,Shotgun チェリーパイ PCB,7,82,50,1.64,7/7,143.20,234.848,1643.936,
,Killer Whale アクリル,25,164.96,100,1.6496,12/23,156.4,257.99744,6449.936,
,Killer Whale PCB,21,259.92,100,2.5992,12/13,152.86,397.313712,8343.587952,
,Undertow アクリル,21,0.954,,,24/2/16,150.21,143.3,3009.3,
,Undertow PCB,21,0.4162,,,24/2/16,150.21,62.51,1312.71,
,Wheel con PCB,1,122.81,,,24/7/7,160.72,1211.8288,1211.8288,
,Cannonball LL PCB,99,122.81,100,1.2281,8/14,146.50,179.91665,17811.74835,
,Handyman マクロパッド v2 PCB,78,37.12,50,0.7424,12/10,152.01,112.852224,8802.473472,
梱包材,パコールA 50x70,40,170,100,1.7,,1,1.7,68,
,パコールB 60x85,50,200,100,2,,1,2,100,
,パコールC 70x100,300,230,100,2.3,,1,2.3,690,
,パコールD 85x120,25,260,100,2.6,,1,2.6,65,
,パコールE100x140,230,339,100,3.39,,1,3.39,779.7,
,パコールF 120x170,150,430,100,4.3,,1,4.3,645,
,パコールG 140x200,100,520,100,5.2,,1,5.2,520,
,パコールH 170x240,200,650,100,6.5,,1,6.5,1300,
,テープ袋小 50x80,30,304,100,3.04,,1,3.04,91.2,
,テープ袋中 70x100,150,246,100,2.46,,1,2.46,369,
,テープ袋大 110x160,150,364,100,3.64,,1,3.64,546,
,ネコハコ,120,6528,300,21.76,,1,21.76,2611.2,
,宅急便コンパクト,14,3500,50,70,,1,70,980,
フィラメント,,28,,,1456,,1,1456,40768,
,,,,,,,,,,
商品,Pop’n Top,3,,,,,,6.5,19.5,
,Killer Whale ,27,,,,,,28.98,782.46,
,Handyman v2,2,,,,,,0,0,
,Cannonoball LL,3,,,,,,0,0,
原価,,,,,,,,,,
Killer Whale,商品名,個数,,,,,,,,
28.98,チャック袋 170x240,1,6.5,6.5,,,,,,
,チャック袋 120x170,1,4.3,4.3,,,,,,
,チャック袋 100x140,2,3.39,6.78,,,,,,
,チャック袋 70x100,2,2.3,4.6,,,,,,
,チャック袋 50x70,4,1.7,6.8,,,,,,
,OPP袋 50x80,1,,0,,,,,,
,2x4,10,,0,,,,,,
,2x6,10,,0,,,,,,
,2x10,23,,0,,,,,,
,3x10,15,,0,,,,,,
,2x8黒,9,,0,,,,,,
,M2ナット,23,,0,,,,,,
　,M2黒ナット,7,,0,,,,,,
,M2スプリングワッシャー,12,,0,,,,,,
,M2黒スプリングワッシャー,7,,0,,,,,,
,M2ワッシャー,28,,0,,,,,,
,M2黒ワッシャー,12,,0,,,,,,
,トグルスイッチ,1,,0,,,,,,
,ピンソケット,2,,0,,,,,,
,L字ソケット,1,,0,,,,,,
,L字ピンヘッダ,1,,0,,,,,,
,レギュレーター,1,,0,,,,,,
,MOSFET,1,,0,,,,,,
,3mmスペーサー FF3,19,,0,,,,,,
,3mmスペーサー FF5,2,,0,,,,,,
,3mmスペーサー FF8,3,,0,,,,,,
,3mmスペーサー FF12,3,,0,,,,,,
,3mmスペーサー FF16,2,,0,,,,,,
,M3角ナット,14,,0,,,,,,
,ピンヘッダー黒,5,,0,,,,,,
,ジャンパー,6,,0,,,,,,
,ダイオード,48,,0,,,,,,
,MXスイッチソケット,28,,0,,,,,,
,10kΩ抵抗,2,,0,,,,,,
,4.7uFコンデンサ,1,,0,,,,,,
,10uFコンデンサ,2,,0,,,,,,
,PMW3360,1,,0,,,,,,
,ベアリング MR62ZZ,3,,0,,,,,,
,Mute Switch 6x6x9.5,4,,0,,,,,,
,TRRS PJ-320A,2,,0,,,,,,
,11mm エンコーダー,1,,0,,,,,,
,ゴム足,6,,0,,,,,,
,PCB,1,,0,,,,,,
,アクリル,1,,0,,,,,,
,,,,,,,,,,
Pop’n Top,商品名,個数,,,,,,,,
6.5,チャック袋 170x240,1,6.5,6.5,,,,,,
,チャック袋 50x70,,1.7,0,,,,,,
,黒ねじ 2x3,9,,0,,,,,,
,黒ねじ 2x5,3,,0,,,,,,
,3mmスペーサー FF3,12,,0,,,,,,
,3mmスペーサー FF9,3,,0,,,,,,
,ダイオード 1N4148,50,,0,,,,,,
,リセットスイッチ,2,,0,,,,,,
,ゴム足,7,,0,,,,,,
,TRRSジャック,2,,0,,,,,,
,Pro Micro,2,,0,,,,,,
,コンスルー,4,,0,,,,,,
,Pop'n Top PCB,1,,0,,,,,,
,Pop'n Top アクリル,1,,0,,,,,,
,,,,,,,,,,
Cannonball LL,商品名,個数,,,,,,,,
0,チャック袋 50x70,1,,0,,,,,,
,,9,,0,,,,,,
,,3,,0,,,,,,
,,12,,0,,,,,,
,,3,,0,,,,,,
,,50,,0,,,,,,
,,2,,0,,,,,,
,,7,,0,,,,,,
,,2,,0,,,,,,
,,2,,0,,,,,,
,,4,,0,,,,,,
,,1,,0,,,,,,
,,1,,0,,,,,,
,,,,,,,,,,
Handyman v2,商品名,個数,,,,,,,,
0,チャック袋 50x70,1,,0,,,,,,
,,9,,0,,,,,,
,,3,,0,,,,,,
,,12,,0,,,,,,
,,3,,0,,,,,,
,,50,,0,,,,,,
,,2,,0,,,,,,
,,7,,0,,,,,,
,,2,,0,,,,,,
,,2,,0,,,,,,
,,4,,0,,,,,,
,,1,,0,,,,,,
,,1,,0,,,,,,